<?xml version="1.0" encoding="UTF-8"?>

<gresources>
  <gresource prefix="/org/vala-panel/lib">
    <file compressed="true" preprocess="xml-stripblanks">pref.ui</file>
    <file compressed="true" alias="menus.ui" preprocess="xml-stripblanks">panel-menus.ui</file>
    <file compressed="true" alias="panel.svg">../data/images/panel.svg</file>
    <file compressed="true" alias="panel.png">../data/images/panel.png</file>
    <file compressed="true" alias="style.css">../data/css/vala-panel.css</file>
  </gresource>
</gresources>
